#item,x,y,width,height,label
0,667.428864,969.6506880000002,265.142272,314.413056,1
1,1488.2529279999999,467.80953600000004,307.810304,344.888832,1
