#item,x,y,width,height,label
0,1172.938752,472.77389250000004,144.592896,245.66860499999999,1
1,1562.863616,677.3655525,130.7648,224.73496500000002,1
2,1305.283584,3.949627499999991,233.48224,505.16056499999996,1
3,1466.86464,167.0698575,152.889344,295.43377499999997,1
4,997.925888,227.50045499999996,219.654144,394.96548,1
5,704.0,783.6110099999999,223.604736,453.42024000000004,1
6,829.62944,586.1289525,193.97632,357.442995,1
