#item,x,y,width,height,label
0,0.3952639999999974,613.380495,87.703552,241.32381,1
1,161.185792,389.8310325,165.531648,289.509675,1
2,209.38240000000002,511.0853474999999,254.814208,397.729605,1
3,944.1976320000001,531.6238199999999,171.061248,203.40684000000002,1
4,1239.703552,553.34643,159.604736,172.99463999999998,1
5,1639.110656,405.6288600000001,282.468352,357.04850999999996,1
6,1375.604736,592.8433875000001,305.778688,360.208485,1
