#item,x,y,width,height,label
0,378.9824,592.0005,159.9488,211.029,1
1,430.08000000000004,401.9925,140.9024,217.035,1
2,548.1472,365.06925000000007,200.9088,160.9335,1
3,548.9663999999999,600.9412500000001,214.016,201.06449999999998,1
4,785.92,411.0015,225.0752,257.985,1
5,999.936,378.03675000000004,141.9264,261.9435,1
6,1676.0832,590.02125,135.9872,144.0075,1
7,1988.096,480.00225,57.9584,192.0555,1
