#item,x,y,width,height,label
0,316.443648,639.8430675000001,129.97632,195.903435,1
1,622.2233600000001,471.58839,162.369536,223.94463000000002,1
2,781.828096,388.2517275,212.148224,301.357875,1
3,1078.519808,182.07939749999997,234.27072,450.260265,1
4,970.2717440000001,591.657885,206.616576,277.66011000000003,1
5,1334.913024,296.2241099999999,295.50592,489.75654000000003,1
6,1589.334016,475.9338675,150.913024,478.30282500000004,1
7,1697.5800319999998,490.5461925,235.456512,355.469205,1
8,1719.7045759999999,825.4776074999999,154.863616,288.324855,1
