#item,x,y,width,height,label
0,16.196608000000012,702.643305,153.679872,117.30537,1
1,107.06227200000001,323.87082,270.616576,263.44227,1
2,319.21049600000003,455.395395,285.2352,234.21489,1
3,742.3201280000001,432.0921150000001,207.802368,357.04850999999996,1
4,1283.5543040000002,511.0853475,193.185792,368.502225,1
5,1595.259904,571.120095,182.913024,137.44731000000002,1
6,1560.097792,765.837345,101.136384,124.01844000000001,1
7,1668.344832,775.7124375000001,136.296448,163.910565,1
8,1696.0,652.8774525,172.642304,229.870095,1
