#item,x,y,width,height,label
0,54.06719999999999,659.9775,81.92,155.06400000000002,1
1,281.088,499.044,116.9408,190.00799999999998,1
2,628.9408,419.94225000000006,228.9664,281.0535,1
3,932.9664,558.9675,207.0528,205.023,1
4,1054.0032,648.0337499999999,193.9456,223.9965,1
5,738.9184,617.0482499999999,208.0768,230.00250000000003,1
6,1772.9536,705.09075,149.0944,166.9395,1
7,1902.08,786.03525,98.9184,67.0215,1
8,672.0512000000001,340.0215,98.0992,114.93299999999999,1
