#item,x,y,width,height,label
0,1283.556352,598.7674874999999,270.616576,323.476335,1
1,976.1986559999999,225.9204675,191.604736,283.585575,1
2,1097.8754560000002,543.4727025000001,181.334016,315.971565,1
3,746.667008,376.40216250000003,204.642304,419.84806499999996,1
4,916.148224,486.20207999999985,213.72928,525.3038700000001,1
