#item,x,y,width,height,label
0,281.088,681.9540000000002,157.9008,297.024,1
1,414.0032,795.0442499999999,157.0816,260.0325,1
2,774.0416,173.01375,157.9008,276.9585,1
3,890.0608000000001,579.033,174.08,422.058,1
4,1306.112,786.99075,166.912,322.0035,1
5,1490.0224,355.03649999999993,202.9568,313.95,1
6,1606.9632,576.03,268.0832,312.039,1
7,954.0608,358.995,116.9408,221.94899999999998,1
