#item,x,y,width,height,label
0,1464.8883199999998,967.2697125,108.24704,132.313545,1
1,1236.543488,668.6766450000001,168.296448,243.69344999999998,1
2,1323.851776,601.532295,86.122496,67.14435,1
3,962.37056,721.6024725,133.531648,315.971565,1
4,908.2470400000001,588.103425,99.160064,106.24614,1
5,0.3952639999999974,774.131085,107.061248,231.84525,1
6,212.54348800000002,844.4360925,112.197632,152.851335,1
7,509.23417599999993,637.0789425,338.962432,385.881405,1
8,787.753984,605.87709,174.221312,229.07976,1
