#item,x,y,width,height,label
0,1291.456512,285.56004750000005,304.197632,664.726335,1
1,994.3705600000001,697.9040249999999,328.296448,461.71398,1
2,747.062272,438.4107,333.432832,692.3744099999999,1
3,626.962432,569.1449399999999,150.913024,327.82113,1
4,442.86463999999995,496.866825,209.778688,360.60297,1
5,68.740096,354.2837025,382.814208,273.315315,1
6,113.38239999999999,144.95208000000002,231.901184,261.07263,1
7,3.1610880000000066,462.504315,360.691712,575.46489,1
