#item,x,y,width,height,label
0,1574.912,814.97325,129.024,269.0415,1
1,1481.9328,803.91675,97.0752,186.0495,1
2,1251.0208,424.03725000000003,137.0112,248.0205,1
3,105.8816,443.01075,140.0832,147.0105,1
4,70.144,635.06625,123.904,199.9725,1
5,28.97919999999999,972.0165000000001,152.9856,135.95399999999998,1
6,682.0864,707.9572499999999,100.9664,165.02849999999998,1
7,1030.0416,602.9205,161.9968,208.026,1
8,1184.9728,652.94775,181.0432,288.9705,1
