#item,x,y,width,height,label
0,158.0032,444.92175,191.0784,361.0425,1
1,1588.0192000000002,480.00225,244.9408,251.0235,1
2,1735.8848,851.96475,183.0912,134.9985,1
3,1573.0688,891.0037499999999,206.0288,272.0445,1
4,1203.9168,676.0162500000001,239.0016,364.0455,1
5,368.02559999999994,490.9905,323.9936,395.031,1
6,520.9087999999999,806.9879999999999,214.016,402.94800000000004,1
7,731.9552,696.9689999999999,135.9872,247.065,1
