#item,x,y,width,height,label
0,1748.0703999999998,659.0219999999999,139.0592,306.033,1
1,1617.1008,450.04050000000007,167.936,266.99399999999997,1
2,1236.0704,759.0765,125.952,239.967,1
3,1035.0592,515.0145,192.9216,389.025,1
4,84.99199999999999,994.0612500000001,124.928,147.0105,1
5,195.07199999999997,828.0772499999999,180.0192,264.9465,1
