#item,x,y,width,height,label
0,11.061247999999992,703.4329574999999,183.308288,515.034975,1
1,870.321152,500.421285,203.061248,555.71607,1
2,1166.6165760000001,679.7351925,177.778688,236.97901499999998,1
3,1681.3824,683.6855025,172.24704,342.82930500000003,1
4,1377.975296,601.9274625,204.642304,396.54478500000005,1
5,1238.51776,321.50186249999996,171.851776,346.77961500000004,1
6,1347.161088,191.55863999999997,203.061248,445.91547,1
7,1541.924864,604.6915875,133.926912,144.161745,1
