#item,x,y,width,height,label
0,357.925888,862.9987275000001,146.962432,290.694495,1
1,558.22336,781.24137,111.407104,143.76726,1
2,761.677824,651.2981475,205.828096,245.66860499999999,1
3,643.160064,596.3971650000001,141.037568,187.60833000000002,1
4,710.715392,456.580215,231.50592,223.15565999999998,1
5,1211.6541439999999,662.7518625,162.369536,355.469205,1
6,1914.073088,785.5861649999999,133.9269119999999,125.59911,1
