#item,x,y,width,height,label
0,1050.9312,705.9780000000001,266.0352,521.976,1
1,1482.9568,90.90899999999999,280.9856,425.06100000000004,1
2,201.9328,261.9435,328.0896,438.984,1
3,1451.008,468.05850000000004,394.0352,574.938,1
4,1280.0,531.05325,253.952,466.9665,1
5,328.9088,615.95625,258.048,451.9515,1
6,551.1168,788.0144999999999,269.9264,334.971,1
7,606.1056,542.0414999999999,288.9728,251.97899999999998,1
