#item,x,y,width,height,label
0,1440.0511999999999,530.0295000000001,311.9104,392.028,1
1,1439.0272,435.0255,186.9824,209.93699999999998,1
2,514.9696,628.0365,168.96,355.99199999999996,1
3,284.05760000000004,443.0107499999999,285.0816,634.0425,1
