#item,x,y,width,height,label
0,1702.912,610.0185,149.0944,390.936,1
1,1436.0576,599.98575,163.0208,411.00149999999996,1
2,1182.9248,686.049,108.9536,159.978,1
3,506.9824,453.9989999999999,148.0704,401.03700000000003,1
4,668.0576,473.928,147.0464,395.031,1
5,784.9984000000001,568.04475,192.1024,294.9765,1
6,905.1136,480.00225,141.9264,122.98649999999999,1
7,705.9456,351.07800000000003,231.0144,230.958,1
8,908.0832,370.0514999999999,169.984,206.93400000000003,1
