#item,x,y,width,height,label
0,1216.0,465.26980499999996,280.49408,678.5496899999999,1
1,1269.72928,248.03824500000002,510.418944,348.35892,1
2,619.062272,601.92678,301.828096,368.10774000000004,1
3,23.703552000000002,586.5234375,169.086976,557.295375,1
4,339.75296,535.5734475,178.962432,368.502225,1
5,182.91404800000004,486.2013975,172.24704,310.443315,1
6,0.39423999999999637,438.016215,247.703552,221.97084,1
7,1722.469376,406.0240275,232.691712,499.23646499999995,1
8,1808.1976319999999,883.9323674999999,224.395264,434.461755,1
