#item,x,y,width,height,label
0,1056.9728,754.9814999999999,181.0432,401.03700000000003,1
1,1193.0624,613.9770000000001,214.016,165.984,1
2,1758.9248,286.99125000000004,250.0608,245.01749999999998,1
3,1553.9199999999998,441.98699999999997,205.0048,140.049,1
4,1488.0768,630.97125,256.0,184.9575,1
5,1550.0288,127.96874999999997,148.0704,347.93850000000003,1
6,169.0624,297.97950000000003,148.0704,339.06600000000003,1
