#item,x,y,width,height,label
0,1572.864,426.0165,131.072,101.00999999999999,1
1,0.10240000000000293,567.9082500000001,73.9328,103.05749999999999,1
2,1474.9696,773.9549999999999,197.0176,374.01000000000005,1
3,1357.1072,558.9675,229.9904,423.969,1
4,1575.0144,670.9657500000001,302.08,198.0615,1
5,735.0272,332.03625,174.08,294.9765,1
6,455.98720000000003,210.96074999999996,272.9984,604.0125,1
7,81.92000000000002,133.01924999999997,407.9616,343.02450000000005,1
8,242.99519999999998,414.07275,239.0016,169.9425,1
