#item,x,y,width,height,label
0,90.00959999999999,733.0732499999999,200.9088,451.9515,1
1,809.9839999999999,461.9842499999999,149.9136,447.0375,1
2,548.0447999999999,132.95100000000002,380.928,514.059,1
3,1610.9568,617.04825,201.9328,472.97249999999997,1
4,1849.0367999999999,611.99775,189.0304,306.9885,1
5,1492.992,664.95975,142.9504,281.0535,1
6,1324.9536,539.0385,214.016,233.96099999999998,1
