#item,x,y,width,height,label
0,188.83993599999997,840.486465,212.938752,317.15775,1
1,610.369536,485.01725999999996,217.284608,411.94881000000004,1
2,868.74112,554.1360825,180.543488,270.945675,1
3,796.8389119999999,314.39225999999996,242.567168,217.23156,1
4,1167.803392,137.84315999999998,330.27072,330.19077,1
5,0.3952639999999974,636.2899725,75.456512,102.69031500000001,1
