#item,x,y,width,height,label
0,1647.407104,525.698355,77.828096,118.49019,1
1,1515.0612480000002,448.2857925,114.171904,173.389125,1
2,393.08697600000005,683.68482,184.889344,207.35715,1
3,789.72928,469.61323500000003,114.171904,191.55864,1
4,947.75296,214.0709025,136.691712,156.801645,1
5,758.518784,99.92687250000002,146.962432,210.121275,1
6,1060.740096,559.665015,77.432832,81.75804,1
7,1112.88832,514.24464,142.616576,118.49019,1
8,103.902208,186.02902500000002,70.715392,78.99255,1
