#item,x,y,width,height,label
0,740.9663999999999,811.9702500000001,154.0096,306.9885,1
1,160.9728,78.078,124.928,337.974,1
2,279.04,174.993,94.0032,126.945,1
3,1049.088,640.9357500000001,159.9488,358.0395,1
4,243.91680000000002,483.0735000000001,251.0848,518.973,1
5,859.136,824.0505,106.9056,306.033,1
6,451.8912,644.9624999999999,223.0272,177.99599999999998,1
7,667.9552000000001,673.0815000000001,159.9488,245.97299999999998,1
