#item,x,y,width,height,label
0,1249.975296,699.877815,202.27072,502.39644,1
1,1425.383424,821.5279799999998,263.901184,533.99346,1
2,1749.334016,298.59306749999996,175.407104,461.319495,1
3,154.86464,387.06554249999994,252.839936,497.655795,1
4,25.283584000000005,314.39225999999996,252.839936,459.74019,1
5,608.395264,323.87150249999996,369.778688,454.999545,1
6,693.7282560000001,541.8920324999999,197.531648,369.687045,1
7,777.4812159999999,396.54546750000003,282.863616,241.71829499999998,1
