#item,x,y,width,height,label
0,1712.9881599999999,571.9090649999999,270.221312,170.625,1
1,1596.050432,311.23228500000005,227.555328,186.42351,1
2,60.049408,410.7646725,335.01184,614.5653149999999,1
3,320.790528,508.7150249999999,169.086976,192.74346,1
4,785.383424,322.2908325,150.122496,211.70194500000002,1
5,540.444672,706.1984475,137.48224,241.71829499999998,1
6,707.950592,729.8955299999999,159.604736,276.47529000000003,1
7,1030.321152,984.2537249999999,154.863616,191.16279,1
8,1787.259904,611.4060225000001,260.740096,494.497185,1
