#item,x,y,width,height,label
0,1212.9279999999999,723.0405,189.0304,497.952,1
1,780.0831999999999,458.98125,178.9952,472.97249999999997,1
2,1005.0559999999999,578.0092500000001,155.0336,420.0105,1
3,942.8992000000001,619.9147500000001,104.0384,358.0395,1
4,651.9807999999999,294.9765,241.0496,760.0319999999999,1
5,1.024000000000001,532.00875,101.9904,380.9715,1
6,1884.9792,454.95450000000005,160.9728,386.022,1
