#item,x,y,width,height,label
0,1679.8023680000001,510.29501250000004,286.02368,537.1534350000001,1
1,717.432832,744.1140524999998,207.01184,407.604015,1
2,94.81420800000001,655.6429425,184.889344,434.461755,1
3,3.1600639999999984,701.4578025000001,97.97632,339.670695,1
4,463.012864,597.1868175,197.531648,297.014445,1
5,700.0494080000001,567.169785,216.49408,150.08721,1
6,681.0859519999999,423.40320750000006,188.049408,167.465025,1
7,475.65312,252.7782075,221.2352,369.687045,1
