#item,x,y,width,height,label
0,261.9392,883.9739999999999,274.0224,411.957,1
1,1.1263999999999896,859.06275,175.9232,196.9695,1
2,497.04960000000005,736.9635,190.0544,481.026,1
3,237.05599999999998,570.9795,200.9088,330.05699999999996,1
4,739.0208,736.9634999999998,252.928,450.99600000000004,1
5,906.0352,504.98175000000003,133.9392,352.0335,1
6,1822.9248,460.07325,178.9952,460.9605,1
7,1936.0768,767.9490000000001,69.0176,202.01999999999998,1
8,1610.0352,697.99275,166.0928,245.01749999999998,1
