#item,x,y,width,height,label
0,4.741119999999995,479.0931599999999,79.01184,166.67469,1
1,288.395264,756.7532699999999,74.665984,103.87650000000001,1
2,348.443648,483.437955,193.185792,261.8616,1
3,784.592896,791.9047499999999,115.75296,248.82858000000002,1
4,1400.49408,335.720385,159.604736,227.89494,1
5,1252.7411200000001,682.1048324999999,71.901184,61.614734999999996,1
6,1314.369536,565.1953125,185.679872,282.400755,1
