#item,x,y,width,height,label
0,483.1232,0.06825000000000614,226.9184,362.9535,1
1,431.00160000000005,447.99299999999994,223.0272,426.97200000000004,1
2,558.8992,365.95649999999995,251.0848,224.952,1
3,907.9807999999999,393.9390000000001,146.0224,413.049,1
4,1016.9343999999999,263.991,214.016,298.935,1
5,1276.9279999999999,222.01725,131.072,290.0625,1
6,1376.9728,275.93475,200.9088,337.0185,1
7,1579.008,390.936,167.936,389.025,1
8,1714.9952,388.95675000000006,199.0656,272.0445,1
