#item,x,y,width,height,label
0,115.753984,650.112645,174.221312,264.62709,1
1,579.9505919999999,440.78170500000004,176.98816,305.70267,1
2,679.110656,622.4652525,128.790528,244.08793500000002,1
3,794.86464,635.498955,226.7648,270.55118999999996,1
4,1298.171904,376.40148,292.74112,167.07054,1
5,1260.24704,486.20208,134.320128,250.0134,1
6,1387.456512,556.506405,220.839936,212.09643,1
