#item,x,y,width,height,label
0,441.9584,414.0727499999999,149.0944,282.96450000000004,1
1,404.0704,627.01275,158.9248,177.0405,1
2,736.9728,486.96375,184.9344,201.06449999999998,1
3,5.9392,522.0442499999999,169.984,199.9725,1
4,138.9568,446.01374999999996,166.0928,260.0325,1
5,1658.9823999999999,453.999,109.9776,158.067,1
6,1673.9328,664.00425,130.048,166.9395,1
7,1605.0176,710.96025,65.9456,100.0545,1
