#item,x,y,width,height,label
0,239.9232,795.9997500000001,121.0368,181.9545,1
1,1137.0496,806.0325,72.0896,82.992,1
2,1249.8944,607.9027500000001,147.0464,379.0605,1
3,1427.0464,522.04425,156.0576,122.98649999999999,1
4,1400.9344,629.9475,202.9568,435.98100000000005,1
5,1593.9584000000002,590.97675,133.9392,386.97749999999996,1
6,544.9728,307.94399999999996,140.9024,257.985,1
7,470.016,638.9565,183.0912,319.956,1
8,261.0176,487.91925,302.08,275.0475,1
