#item,x,y,width,height,label
0,76.189696,577.523712,198.094848,282.412032,1
1,74.667008,348.95232,220.444672,163.55481600000002,1
2,1317.586944,601.396992,264.634368,271.23763199999996,1
3,987.428864,442.411776,255.492096,300.191232,1
4,718.731264,398.221824,206.729216,318.984192,1
5,1361.777664,242.79321599999997,146.286592,248.88883199999998,1
6,1683.80928,658.79424,364.189696,271.23763199999996,1
7,1899.682816,742.6022399999999,146.286592,357.080064,1
