#item,x,y,width,height,label
0,1391.745024,872.634624,187.428864,371.808768,1
1,1488.7618559999999,529.77792,220.444672,393.65068799999995,1
2,1665.016832,596.825088,163.555328,196.57113600000002,1
3,1139.808256,839.619072,112.254976,125.46048,1
4,481.015808,536.3811840000001,204.6976,461.71392000000003,1
5,374.349824,679.11168,135.110656,187.42886399999998,1
6,815.747072,848.76288,204.6976,152.380416,1
7,696.8893439999999,714.158592,182.349824,257.015808,1
