#item,x,y,width,height,label
0,1284.9152,732.9792,172.032,270.02880000000005,1
1,1479.0656000000001,747.9552000000001,113.0496,72.96000000000001,1
2,587.9808,766.0032,144.9984,172.032,1
3,932.9664,539.904,132.9152,262.0416,1
