#item,x,y,width,height,label
0,636.048384,816.3928500000001,193.185792,421.82322000000005,1
1,1131.062272,423.00804000000005,179.357696,385.09106999999995,1
2,1773.036544,624.8348925,274.962432,159.171285,1
3,987.2599039999999,169.04501249999998,128.395264,267.787065,1
4,389.13536,730.2906975,237.037568,236.97901499999998,1
5,475.25888000000003,426.95698500000003,186.073088,306.09852,1
6,806.715392,606.2722575,178.962432,505.16056499999996,1
7,947.75296,538.73274,186.073088,441.17618999999996,1
8,627.357696,284.770395,312.098816,493.70685000000003,1
