#item,x,y,width,height,label
0,330.0352,648.0383999999999,159.9488,266.0352,1
1,116.01919999999998,510.02880000000005,275.0464,491.0592,1
2,1108.8896,604.0319999999999,164.0448,150.9888,1
3,1038.1312,521.0112,167.936,352.9728,1
4,1703.936,756.0192000000001,256.0,270.9504,1
5,1917.0304,415.02719999999994,130.048,227.94240000000002,1
