#item,x,y,width,height,label
0,524.642304,421.42737000000005,190.418944,357.04850999999996,1
1,1657.284608,778.4765625,158.02368,244.08793500000002,1
2,809.48224,644.1878625000002,190.418944,355.469205,1
3,980.148224,589.2889275,189.2352,424.587345,1
4,603.655168,170.23051500000003,231.110656,526.48869,1
5,1308.838912,569.5401075,323.160064,747.669195,1
6,1585.3824,716.46666,100.345856,153.64167,1
7,1374.02368,1004.0018625,108.642304,201.82753499999998,1
