#item,x,y,width,height,label
0,815.0118399999999,532.80864,335.802368,592.44822,1
1,303.40812800000003,617.330805,200.296448,503.58126,1
2,88.49510399999998,472.37804249999994,242.567168,686.8447950000001,1
3,1042.172928,436.831395,218.863616,526.48869,1
4,886.913024,205.7771625,187.654144,383.511765,1
5,1623.7045759999999,522.9342300000001,175.01184,331.77144,1
6,1444.34688,223.94463000000002,402.171904,591.2633999999999,1
