#item,x,y,width,height,label
0,1433.9072,940.0072500000001,105.0624,103.05749999999999,1
1,1084.928,684.0697499999999,200.0896,525.9345,1
2,1068.9535999999998,820.0237500000001,64.9216,214.9875,1
3,1312.9728,447.99299999999994,203.9808,450.99600000000004,1
4,513.024,496.99649999999997,190.0544,493.038,1
5,680.8576,378.99225,166.0928,344.9355,1
6,890.9824000000001,608.9947500000001,166.0928,270.9525,1
