#item,x,y,width,height,label
0,439.309312,810.4680675,210.171904,387.06622500000003,1
1,20.542463999999995,829.4279174999999,172.24704,183.263535,1
2,622.616576,631.9444950000001,232.296448,181.68422999999999,1
3,826.468352,396.5454675000001,385.581056,594.027525,1
4,641.5800320000001,39.49695750000001,282.863616,178.52425499999998,1
5,1512.2954240000001,301.75372500000003,189.630464,410.76399000000004,1
6,1913.6798720000002,775.7110725,134.32012799999984,281.215935,1
7,1690.86464,505.5557325,210.171904,429.72247500000003,1
