#item,x,y,width,height,label
0,1453.9776,598.07475,143.9744,445.9455,1
1,420.0448,654.03975,176.9472,484.9845,1
2,319.0784,522.0442499999999,135.9872,199.9725,1
3,607.9488,624.00975,171.008,414.0045,1
4,837.0176,470.03774999999996,165.0688,466.9665,1
5,774.9632,593.02425,65.9456,131.9955,1
6,1211.904,647.0099999999999,191.0784,419.055,1
7,974.9504,631.0395,128.0,184.002,1
8,1109.9135999999999,472.01699999999994,220.9792,393.939,1
