#item,x,y,width,height,label
0,628.0192,959.9362499999999,100.9664,128.9925,1
1,1331.9168,934.9567499999998,132.096,266.0385,1
2,1675.0592,896.9415,131.072,180.999,1
3,1917.952,712.05225,129.024,128.9925,1
4,1519.9232,469.9694999999999,89.088,515.97,1
5,1595.904,376.0575,157.0816,269.997,1
6,338.94399999999996,147.96599999999998,178.9952,318.045,1
