#item,x,y,width,height,label
0,208.592896,695.1385349999998,192.790528,533.99346,1
1,1.5810560000000038,556.1112375,143.802368,371.26771499999995,1
2,31.603712,526.094205,165.926912,473.95802999999995,1
3,1035.0622720000001,440.7810225,164.345856,398.125455,1
4,1161.481216,824.6872725000001,154.863616,238.559685,1
5,1240.49408,526.0935225000001,159.604736,241.71829499999998,1
6,1384.297472,571.909065,202.27072,491.33720999999997,1
7,1167.8033919999998,97.95171749999997,172.24704,297.014445,1
