#item,x,y,width,height,label
0,1632.0511999999999,896.9414999999999,140.0832,158.067,1
1,1149.952,484.9845,169.984,514.059,1
2,774.0416,902.0602500000001,96.0512,178.95149999999998,1
3,407.03999999999996,607.971,75.9808,146.055,1
4,1577.984,274.97925,192.1024,528.9375,1
5,1588.9408,12.08025,80.0768,107.9715,1
6,1935.9744,269.92875,106.9056,346.02750000000003,1
